{"hj":{"pos_x":27.23750001192093,"pos_y":2.0,"pos_z":-26.651152675995007,"yaw":-142.62936401367188,"pitch":31.499414443969727,"dimension":"overworld","gamemode":"survival","flying":false},"PL1":{"pos_x":21.21825887665527,"pos_y":64.0,"pos_z":-42.522323227129554,"yaw":-72.15057373046875,"pitch":26.99997329711914,"dimension":"overworld","gamemode":"survival","flying":false},"ko":{"pos_x":-1808.7574270210425,"pos_y":0.5,"pos_z":-52.98071984035556,"yaw":-138.45001220703125,"pitch":6.600039482116699,"dimension":"overworld","gamemode":"creative","flying":false}}