{"k":{"pos_x":-1809.031352512134,"pos_y":0.5,"pos_z":-46.53882307760965,"yaw":7.350311279296875,"pitch":32.399959564208984,"dimension":"overworld","gamemode":"survival","flying":false},"shuasa":{"pos_x":1027.3580351802082,"pos_y":24.0,"pos_z":-1054.6838910592462,"yaw":-169.04989624023438,"pitch":27.2999267578125,"dimension":"overworld","gamemode":"survival","flying":false},"Alex":{"pos_x":27.13596952687791,"pos_y":1.0,"pos_z":-22.531545769147147,"yaw":-104.55021667480469,"pitch":11.70003890991211,"dimension":"overworld","gamemode":"survival","flying":false},"gj":{"pos_x":4626.145375802157,"pos_y":14.5,"pos_z":-223.1856088680333,"yaw":-73.64556884765625,"pitch":19.949825286865234,"dimension":"overworld","gamemode":"survival","flying":false},"X":{"pos_x":-2894.699999988079,"pos_y":151.0,"pos_z":46.69999998807907,"yaw":0.14988423883914948,"pitch":37.65000915527344,"dimension":"overworld","gamemode":"survival","flying":false}}