{"PL1":{"pos_x":21.76262984824077,"pos_y":64.0,"pos_z":-49.777644431576235,"yaw":89.99999237060547,"pitch":0.0,"dimension":"overworld","gamemode":"survival","flying":false}}