{"PL1":{"pos_x":26.93426613178388,"pos_y":0.5,"pos_z":-50.68728122406029,"yaw":89.99999237060547,"pitch":0.0,"dimension":"overworld","gamemode":"survival","flying":false},"X":{"pos_x":-2894.699999988079,"pos_y":151.0,"pos_z":46.40361062074939,"yaw":1.5225830078125,"pitch":28.050371170043945,"dimension":"overworld","gamemode":"creative","flying":false},"PL2":{"pos_x":-909.4000135439784,"pos_y":-2.0,"pos_z":202.30000001192093,"yaw":45.163665771484375,"pitch":19.19974708557129,"dimension":"overworld","gamemode":"survival","flying":false}}